<?xml version="1.0" encoding="UTF-8"?>
<project-private xmlns="http://www.netbeans.org/ns/project-private/1">
    <editor-bookmarks xmlns="http://www.netbeans.org/ns/editor-bookmarks/2" lastBookmarkId="0"/>
    <open-files xmlns="http://www.netbeans.org/ns/projectui-open-files/2">
        <group>
            <file>file:/D:/Projects/HHS-Game/HHSGame/src/hhsgame/LevelReader.java</file>
            <file>file:/D:/Projects/HHS-Game/HHSGame/test/hhsgame/KeyTileTest.java</file>
            <file>file:/D:/Projects/HHS-Game/HHSGame/src/hhsgame/Tile.java</file>
            <file>file:/D:/Projects/HHS-Game/HHSGame/test/hhsgame/GameBoardTest.java</file>
            <file>file:/D:/Projects/HHS-Game/HHSGame/src/hhsgame/Barricade.java</file>
            <file>file:/D:/Projects/HHS-Game/HHSGame/src/hhsgame/EmptyTile.java</file>
            <file>file:/D:/Projects/HHS-Game/HHSGame/src/hhsgame/Finish.java</file>
            <file>file:/D:/Projects/HHS-Game/HHSGame/src/hhsgame/GameBoard.java</file>
            <file>file:/D:/Projects/HHS-Game/HHSGame/src/hhsgame/Wall.java</file>
            <file>file:/D:/Projects/HHS-Game/HHSGame/src/hhsgame/BoardCoordinate.java</file>
            <file>file:/D:/Projects/HHS-Game/HHSGame/src/hhsgame/Key.java</file>
            <file>file:/D:/Projects/HHS-Game/HHSGame/src/hhsgame/KeyTile.java</file>
            <file>file:/D:/Projects/HHS-Game/HHSGame/src/hhsgame/Game.java</file>
            <file>file:/D:/Projects/HHS-Game/HHSGame/src/hhsgame/ImageReader.java</file>
            <file>file:/D:/Projects/HHS-Game/HHSGame/src/hhsgame/TileBit.java</file>
            <file>file:/D:/Projects/HHS-Game/HHSGame/test/hhsgame/BoardCoordinateTest.java</file>
            <file>file:/D:/Projects/HHS-Game/HHSGame/src/hhsgame/PopUpBox.java</file>
            <file>file:/D:/Projects/HHS-Game/HHSGame/src/hhsgame/GameCharacter.java</file>
            <file>file:/D:/Projects/HHS-Game/HHSGame/src/hhsgame/Level.java</file>
        </group>
    </open-files>
</project-private>
